-- phpMyAdmin SQL Dump
-- version 4.9.2
-- https://www.phpmyadmin.net/
--
-- Host: 127.0.0.1
-- Waktu pembuatan: 16 Apr 2020 pada 19.01
-- Versi server: 10.4.11-MariaDB
-- Versi PHP: 7.2.26

SET SQL_MODE = "NO_AUTO_VALUE_ON_ZERO";
SET AUTOCOMMIT = 0;
START TRANSACTION;
SET time_zone = "+00:00";


/*!40101 SET @OLD_CHARACTER_SET_CLIENT=@@CHARACTER_SET_CLIENT */;
/*!40101 SET @OLD_CHARACTER_SET_RESULTS=@@CHARACTER_SET_RESULTS */;
/*!40101 SET @OLD_COLLATION_CONNECTION=@@COLLATION_CONNECTION */;
/*!40101 SET NAMES utf8mb4 */;

--
-- Database: `digilib`
--

-- --------------------------------------------------------

--
-- Struktur dari tabel `agama`
--

CREATE TABLE `agama` (
  `id_agama` int(11) NOT NULL,
  `agama` varchar(255) NOT NULL
) ENGINE=InnoDB DEFAULT CHARSET=latin1;

--
-- Dumping data untuk tabel `agama`
--

INSERT INTO `agama` (`id_agama`, `agama`) VALUES
(1, 'Islam'),
(3, 'Kristen');

-- --------------------------------------------------------

--
-- Struktur dari tabel `anggota`
--

CREATE TABLE `anggota` (
  `id_anggota` int(11) NOT NULL,
  `nama` varchar(255) NOT NULL,
  `agama` varchar(20) NOT NULL,
  `jk` varchar(20) NOT NULL,
  `univ` varchar(255) NOT NULL,
  `fakultas` varchar(255) NOT NULL,
  `prodi` varchar(255) NOT NULL,
  `nim` varchar(255) NOT NULL,
  `foto` varchar(255) NOT NULL,
  `alamat` varchar(255) NOT NULL,
  `status` varchar(20) NOT NULL,
  `id_user` int(11) UNSIGNED NOT NULL
) ENGINE=InnoDB DEFAULT CHARSET=latin1;

--
-- Dumping data untuk tabel `anggota`
--

INSERT INTO `anggota` (`id_anggota`, `nama`, `agama`, `jk`, `univ`, `fakultas`, `prodi`, `nim`, `foto`, `alamat`, `status`, `id_user`) VALUES
(12, 'Bayu Adhi Pamungkas', '1', '1', '1', '1', '1', '1710631170067', 'Bayu_Adhi_Pamungkas.png', 'Kebumen', 'Aktif', 29),
(13, 'Rendy Galih', '1', '1', '1', '1', '1', '1710631170167', 'Rendy_Galih_Saputra.jpg', 'Bekasi', 'Aktif', 32),
(14, 'Reza Rizqi R', '1', '1', '1', '1', '1', '1710631170176', 'Reza_Rizqi_R.JPG', 'Karawang', 'Aktif', 34);

-- --------------------------------------------------------

--
-- Struktur dari tabel `ci_session`
--

CREATE TABLE `ci_session` (
  `id` varchar(40) NOT NULL,
  `ip_address` varchar(45) NOT NULL,
  `timestamp` int(10) UNSIGNED NOT NULL DEFAULT 0,
  `data` blob NOT NULL
) ENGINE=InnoDB DEFAULT CHARSET=latin1;

--
-- Dumping data untuk tabel `ci_session`
--

INSERT INTO `ci_session` (`id`, `ip_address`, `timestamp`, `data`) VALUES
('scjvoo8021tkg6jiimb8lf31ldou4l6p', '::1', 1586964717, 0x5f5f63695f6c6173745f726567656e65726174657c693a313538363936343731373b6d73677c733a33333a224461746120556e69766572736974617320626572686173696c206469756261682e223b5f5f63695f766172737c613a313a7b733a333a226d7367223b733a333a226f6c64223b7d),
('qcduqbic5ss3oiu8b19ckgk6ceu3qb7n', '::1', 1586965028, 0x5f5f63695f6c6173745f726567656e65726174657c693a313538363936353032383b),
('htaoq47othrr4v60gshth1d7mnb2maj5', '::1', 1586965512, 0x5f5f63695f6c6173745f726567656e65726174657c693a313538363936353531323b),
('ogp6h8a8q8sjq8gt5ecj62in5c440huc', '::1', 1586965986, 0x5f5f63695f6c6173745f726567656e65726174657c693a313538363936353938363b),
('75imk17s568lktdctoeeub63b8o22nfi', '::1', 1586966351, 0x5f5f63695f6c6173745f726567656e65726174657c693a313538363936363335313b),
('qlo7dd03gvg7mcjij29lolpu681mrlo3', '::1', 1586966951, 0x5f5f63695f6c6173745f726567656e65726174657c693a313538363936363935313b),
('9a8fuh6oq01bieikok5g9jqhd7jv3hvv', '::1', 1586967271, 0x5f5f63695f6c6173745f726567656e65726174657c693a313538363936373237313b),
('9mr9qiot1if5jrj2spdknls5kj1mi137', '::1', 1586967830, 0x5f5f63695f6c6173745f726567656e65726174657c693a313538363936373833303b6d73677c733a33333a224461746120556e69766572736974617320626572686173696c206469756261682e223b5f5f63695f766172737c613a313a7b733a333a226d7367223b733a333a226f6c64223b7d),
('5cnctd5g722ce3g4qvdkf1ia7b9b2cdr', '::1', 1586968292, 0x5f5f63695f6c6173745f726567656e65726174657c693a313538363936383239323b),
('utmrlo35prt60ldenadh7eevj6gqnre0', '::1', 1586968594, 0x5f5f63695f6c6173745f726567656e65726174657c693a313538363936383539343b),
('t1u3077r9fdlhtdinaklda9qh8t4t3l6', '::1', 1586969142, 0x5f5f63695f6c6173745f726567656e65726174657c693a313538363936393134323b6d73677c733a33323a22446174612046616b756c74617320626572686173696c20646973696d70616e2e223b5f5f63695f766172737c613a313a7b733a333a226d7367223b733a333a226f6c64223b7d),
('8ddsqp4t2mulacto4vcovtf16i97peej', '::1', 1586969551, 0x5f5f63695f6c6173745f726567656e65726174657c693a313538363936393535313b),
('p0dopt1960iiel3c3d1fip9cek8a2ifh', '::1', 1586969990, 0x5f5f63695f6c6173745f726567656e65726174657c693a313538363936393939303b),
('53niolbc01f5335sirmr7jorbqcisk35', '::1', 1586970299, 0x5f5f63695f6c6173745f726567656e65726174657c693a313538363937303239393b),
('cshv3b2sampjlel38s1qobopbu33ie74', '::1', 1586970980, 0x5f5f63695f6c6173745f726567656e65726174657c693a313538363937303938303b6d73677c733a33303a22446174612066616b756c74617320626572686173696c206469756261682e223b5f5f63695f766172737c613a313a7b733a333a226d7367223b733a333a226f6c64223b7d),
('3lagrpr6gr8tl2rjghgl0malfajiai69', '::1', 1586971482, 0x5f5f63695f6c6173745f726567656e65726174657c693a313538363937313438323b),
('c59f39tur8n1jsmfs5t57dkjagmuph41', '::1', 1586972732, 0x5f5f63695f6c6173745f726567656e65726174657c693a313538363937323733323b),
('9n7a5fsl4f7cgq8jou5vlf1rda49dgum', '::1', 1586973160, 0x5f5f63695f6c6173745f726567656e65726174657c693a313538363937333136303b),
('5rn4p8vqn9l6vc5m4al9j05r2jnjv95r', '::1', 1586973478, 0x5f5f63695f6c6173745f726567656e65726174657c693a313538363937333437383b),
('1cl586aedl1c39ltfbsrse56uhan9n19', '::1', 1586973859, 0x5f5f63695f6c6173745f726567656e65726174657c693a313538363937333835393b),
('dgculs49pm8mjho1nprs5gjogfardkli', '::1', 1586974220, 0x5f5f63695f6c6173745f726567656e65726174657c693a313538363937343232303b),
('j0nnbpf12p9bg9lac6eifad7ba4p4h8a', '::1', 1586974220, 0x5f5f63695f6c6173745f726567656e65726174657c693a313538363937343232303b),
('v3mqdm9h3kp036vbbn3obb4hijrq4d59', '::1', 1587040465, 0x5f5f63695f6c6173745f726567656e65726174657c693a313538373034303436353b6964656e746974797c733a31353a2261646d696e4061646d696e2e636f6d223b656d61696c7c733a31353a2261646d696e4061646d696e2e636f6d223b757365725f69647c733a313a2231223b6f6c645f6c6173745f6c6f67696e7c733a31303a2231353836383032303431223b6c6173745f636865636b7c693a313538373034303436343b),
('b93d68ab74hhu7vcph612r27hfgd992s', '::1', 1587041622, 0x5f5f63695f6c6173745f726567656e65726174657c693a313538373034313632323b6964656e746974797c733a31353a2261646d696e4061646d696e2e636f6d223b656d61696c7c733a31353a2261646d696e4061646d696e2e636f6d223b757365725f69647c733a313a2231223b6f6c645f6c6173745f6c6f67696e7c733a31303a2231353836383032303431223b6c6173745f636865636b7c693a313538373034303436343b),
('baqr8cr3h4n6uu5k776nhf75u2s8q755', '::1', 1587041963, 0x5f5f63695f6c6173745f726567656e65726174657c693a313538373034313936333b6964656e746974797c733a31353a2261646d696e4061646d696e2e636f6d223b656d61696c7c733a31353a2261646d696e4061646d696e2e636f6d223b757365725f69647c733a313a2231223b6f6c645f6c6173745f6c6f67696e7c733a31303a2231353836383032303431223b6c6173745f636865636b7c693a313538373034303436343b),
('kqop2mr7e7s06drbjgjqhfli9l7esb67', '::1', 1587042365, 0x5f5f63695f6c6173745f726567656e65726174657c693a313538373034323336353b6964656e746974797c733a31353a2261646d696e4061646d696e2e636f6d223b656d61696c7c733a31353a2261646d696e4061646d696e2e636f6d223b757365725f69647c733a313a2231223b6f6c645f6c6173745f6c6f67696e7c733a31303a2231353836383032303431223b6c6173745f636865636b7c693a313538373034303436343b),
('b2rn70uph856usgl58peatnafo8em35s', '::1', 1587042682, 0x5f5f63695f6c6173745f726567656e65726174657c693a313538373034323638323b6964656e746974797c733a31353a2261646d696e4061646d696e2e636f6d223b656d61696c7c733a31353a2261646d696e4061646d696e2e636f6d223b757365725f69647c733a313a2231223b6f6c645f6c6173745f6c6f67696e7c733a31303a2231353836383032303431223b6c6173745f636865636b7c693a313538373034303436343b),
('l5lp4mqskfut60qv2iun3klp6hvc2p2i', '::1', 1587045185, 0x5f5f63695f6c6173745f726567656e65726174657c693a313538373034353138353b6964656e746974797c733a31353a2261646d696e4061646d696e2e636f6d223b656d61696c7c733a31353a2261646d696e4061646d696e2e636f6d223b757365725f69647c733a313a2231223b6f6c645f6c6173745f6c6f67696e7c733a31303a2231353836383032303431223b6c6173745f636865636b7c693a313538373034303436343b),
('kshthfpsdpijki579onqdclb54ascufe', '::1', 1587045571, 0x5f5f63695f6c6173745f726567656e65726174657c693a313538373034353537313b6964656e746974797c733a31353a2261646d696e4061646d696e2e636f6d223b656d61696c7c733a31353a2261646d696e4061646d696e2e636f6d223b757365725f69647c733a313a2231223b6f6c645f6c6173745f6c6f67696e7c733a31303a2231353836383032303431223b6c6173745f636865636b7c693a313538373034303436343b),
('e46eaqolmunkqsir6bhkqljcjtdf8g59', '::1', 1587046195, 0x5f5f63695f6c6173745f726567656e65726174657c693a313538373034363139353b6964656e746974797c733a31353a2261646d696e4061646d696e2e636f6d223b656d61696c7c733a31353a2261646d696e4061646d696e2e636f6d223b757365725f69647c733a313a2231223b6f6c645f6c6173745f6c6f67696e7c733a31303a2231353836383032303431223b6c6173745f636865636b7c693a313538373034303436343b),
('nrrp66fq0n4aat83o0rhs50j0fvucfei', '::1', 1587046517, 0x5f5f63695f6c6173745f726567656e65726174657c693a313538373034363531373b6964656e746974797c733a31353a2261646d696e4061646d696e2e636f6d223b656d61696c7c733a31353a2261646d696e4061646d696e2e636f6d223b757365725f69647c733a313a2231223b6f6c645f6c6173745f6c6f67696e7c733a31303a2231353836383032303431223b6c6173745f636865636b7c693a313538373034303436343b),
('1cusokpnb9oomrag3rr9v48ktjdkhh47', '::1', 1587047159, 0x5f5f63695f6c6173745f726567656e65726174657c693a313538373034373135393b6964656e746974797c733a31353a2261646d696e4061646d696e2e636f6d223b656d61696c7c733a31353a2261646d696e4061646d696e2e636f6d223b757365725f69647c733a313a2231223b6f6c645f6c6173745f6c6f67696e7c733a31303a2231353836383032303431223b6c6173745f636865636b7c693a313538373034303436343b),
('bkt10nv0e10qhbkab60svj2fui1cm0ms', '::1', 1587048493, 0x5f5f63695f6c6173745f726567656e65726174657c693a313538373034383439333b6964656e746974797c733a31353a2261646d696e4061646d696e2e636f6d223b656d61696c7c733a31353a2261646d696e4061646d696e2e636f6d223b757365725f69647c733a313a2231223b6f6c645f6c6173745f6c6f67696e7c733a31303a2231353836383032303431223b6c6173745f636865636b7c693a313538373034303436343b),
('hsf6kc9kh2g592ac5p7t4g0ge2the6ha', '::1', 1587048812, 0x5f5f63695f6c6173745f726567656e65726174657c693a313538373034383831323b6964656e746974797c733a31353a2261646d696e4061646d696e2e636f6d223b656d61696c7c733a31353a2261646d696e4061646d696e2e636f6d223b757365725f69647c733a313a2231223b6f6c645f6c6173745f6c6f67696e7c733a31303a2231353836383032303431223b6c6173745f636865636b7c693a313538373034303436343b),
('2o95bcc32aufr4ojqrqfqe8pkrojju2k', '::1', 1587049156, 0x5f5f63695f6c6173745f726567656e65726174657c693a313538373034393135363b6964656e746974797c733a31353a2261646d696e4061646d696e2e636f6d223b656d61696c7c733a31353a2261646d696e4061646d696e2e636f6d223b757365725f69647c733a313a2231223b6f6c645f6c6173745f6c6f67696e7c733a31303a2231353836383032303431223b6c6173745f636865636b7c693a313538373034303436343b),
('hdni3nqokschbtveaoalkf7onbha5m9a', '::1', 1587049525, 0x5f5f63695f6c6173745f726567656e65726174657c693a313538373034393532353b6964656e746974797c733a31353a2261646d696e4061646d696e2e636f6d223b656d61696c7c733a31353a2261646d696e4061646d696e2e636f6d223b757365725f69647c733a313a2231223b6f6c645f6c6173745f6c6f67696e7c733a31303a2231353836383032303431223b6c6173745f636865636b7c693a313538373034303436343b),
('3egovgitc2mapq8c61tv99r159bouotq', '::1', 1587049849, 0x5f5f63695f6c6173745f726567656e65726174657c693a313538373034393834393b6964656e746974797c733a31353a2261646d696e4061646d696e2e636f6d223b656d61696c7c733a31353a2261646d696e4061646d696e2e636f6d223b757365725f69647c733a313a2231223b6f6c645f6c6173745f6c6f67696e7c733a31303a2231353836383032303431223b6c6173745f636865636b7c693a313538373034303436343b),
('lijav7n52c4bf7eqeh75f1h3e9ncni4v', '::1', 1587050450, 0x5f5f63695f6c6173745f726567656e65726174657c693a313538373035303435303b6964656e746974797c733a31353a2261646d696e4061646d696e2e636f6d223b656d61696c7c733a31353a2261646d696e4061646d696e2e636f6d223b757365725f69647c733a313a2231223b6f6c645f6c6173745f6c6f67696e7c733a31303a2231353836383032303431223b6c6173745f636865636b7c693a313538373034303436343b),
('m836tjlokm6nmi3n79rcvktj869fd4ev', '::1', 1587050758, 0x5f5f63695f6c6173745f726567656e65726174657c693a313538373035303735383b6964656e746974797c733a31353a2261646d696e4061646d696e2e636f6d223b656d61696c7c733a31353a2261646d696e4061646d696e2e636f6d223b757365725f69647c733a313a2231223b6f6c645f6c6173745f6c6f67696e7c733a31303a2231353836383032303431223b6c6173745f636865636b7c693a313538373034303436343b),
('qfqnck3tqdnia5in3j51m6sjte2dg1u4', '::1', 1587051514, 0x5f5f63695f6c6173745f726567656e65726174657c693a313538373035313531343b6964656e746974797c733a31353a2261646d696e4061646d696e2e636f6d223b656d61696c7c733a31353a2261646d696e4061646d696e2e636f6d223b757365725f69647c733a313a2231223b6f6c645f6c6173745f6c6f67696e7c733a31303a2231353836383032303431223b6c6173745f636865636b7c693a313538373034303436343b),
('rqlpn21ao01ofr801ei8i4i2440but4f', '::1', 1587051851, 0x5f5f63695f6c6173745f726567656e65726174657c693a313538373035313835313b6964656e746974797c733a31353a2261646d696e4061646d696e2e636f6d223b656d61696c7c733a31353a2261646d696e4061646d696e2e636f6d223b757365725f69647c733a313a2231223b6f6c645f6c6173745f6c6f67696e7c733a31303a2231353836383032303431223b6c6173745f636865636b7c693a313538373034303436343b),
('48ciprpvuromhsk4cs4e337fd8quuj8l', '::1', 1587052163, 0x5f5f63695f6c6173745f726567656e65726174657c693a313538373035323136333b6964656e746974797c733a31353a2261646d696e4061646d696e2e636f6d223b656d61696c7c733a31353a2261646d696e4061646d696e2e636f6d223b757365725f69647c733a313a2231223b6f6c645f6c6173745f6c6f67696e7c733a31303a2231353836383032303431223b6c6173745f636865636b7c693a313538373034303436343b),
('s78m91jrfb0c7bfeal7tj24kjj1or67r', '::1', 1587052470, 0x5f5f63695f6c6173745f726567656e65726174657c693a313538373035323437303b6964656e746974797c733a31353a2261646d696e4061646d696e2e636f6d223b656d61696c7c733a31353a2261646d696e4061646d696e2e636f6d223b757365725f69647c733a313a2231223b6f6c645f6c6173745f6c6f67696e7c733a31303a2231353836383032303431223b6c6173745f636865636b7c693a313538373034303436343b6d73677c733a32313a224461746120626572686173696c206469756261682e223b5f5f63695f766172737c613a313a7b733a333a226d7367223b733a333a226f6c64223b7d),
('84klos1mmnsi95bqe198fll4tbihvev7', '::1', 1587052895, 0x5f5f63695f6c6173745f726567656e65726174657c693a313538373035323839353b6964656e746974797c733a31353a2261646d696e4061646d696e2e636f6d223b656d61696c7c733a31353a2261646d696e4061646d696e2e636f6d223b757365725f69647c733a313a2231223b6f6c645f6c6173745f6c6f67696e7c733a31303a2231353836383032303431223b6c6173745f636865636b7c693a313538373034303436343b),
('e674fhthvqrufd3h515taceln0gjol4b', '::1', 1587053493, 0x5f5f63695f6c6173745f726567656e65726174657c693a313538373035333439333b6964656e746974797c733a31353a2261646d696e4061646d696e2e636f6d223b656d61696c7c733a31353a2261646d696e4061646d696e2e636f6d223b757365725f69647c733a313a2231223b6f6c645f6c6173745f6c6f67696e7c733a31303a2231353836383032303431223b6c6173745f636865636b7c693a313538373034303436343b6d73677c733a32313a224461746120626572686173696c206469756261682e223b5f5f63695f766172737c613a313a7b733a333a226d7367223b733a333a226f6c64223b7d),
('dgost1dljq7kqdi7gbhkf7mqe0vhmkim', '::1', 1587053796, 0x5f5f63695f6c6173745f726567656e65726174657c693a313538373035333739363b6964656e746974797c733a31353a2261646d696e4061646d696e2e636f6d223b656d61696c7c733a31353a2261646d696e4061646d696e2e636f6d223b757365725f69647c733a313a2231223b6f6c645f6c6173745f6c6f67696e7c733a31303a2231353836383032303431223b6c6173745f636865636b7c693a313538373034303436343b),
('v95c336tt49d2ajm5ephrkmluehs4qni', '::1', 1587054131, 0x5f5f63695f6c6173745f726567656e65726174657c693a313538373035343133313b6964656e746974797c733a31353a2261646d696e4061646d696e2e636f6d223b656d61696c7c733a31353a2261646d696e4061646d696e2e636f6d223b757365725f69647c733a313a2231223b6f6c645f6c6173745f6c6f67696e7c733a31303a2231353836383032303431223b6c6173745f636865636b7c693a313538373034303436343b),
('8mhi3rrihj8lh6anebjkg3jtseu58kkj', '::1', 1587054441, 0x5f5f63695f6c6173745f726567656e65726174657c693a313538373035343434313b6964656e746974797c733a31353a2261646d696e4061646d696e2e636f6d223b656d61696c7c733a31353a2261646d696e4061646d696e2e636f6d223b757365725f69647c733a313a2231223b6f6c645f6c6173745f6c6f67696e7c733a31303a2231353836383032303431223b6c6173745f636865636b7c693a313538373034303436343b6d73677c733a32323a224461746120426572686173696c20646973696d70616e223b5f5f63695f766172737c613a313a7b733a333a226d7367223b733a333a226f6c64223b7d),
('0fkprdg201tiaa888lpbg5cojg0iv5ta', '::1', 1587054947, 0x5f5f63695f6c6173745f726567656e65726174657c693a313538373035343934373b6964656e746974797c733a31353a2261646d696e4061646d696e2e636f6d223b656d61696c7c733a31353a2261646d696e4061646d696e2e636f6d223b757365725f69647c733a313a2231223b6f6c645f6c6173745f6c6f67696e7c733a31303a2231353836383032303431223b6c6173745f636865636b7c693a313538373034303436343b),
('1taf6199s4ci635ah73e5hm8cbfm39jj', '::1', 1587055261, 0x5f5f63695f6c6173745f726567656e65726174657c693a313538373035353236313b6964656e746974797c733a31353a2261646d696e4061646d696e2e636f6d223b656d61696c7c733a31353a2261646d696e4061646d696e2e636f6d223b757365725f69647c733a313a2231223b6f6c645f6c6173745f6c6f67696e7c733a31303a2231353836383032303431223b6c6173745f636865636b7c693a313538373034303436343b),
('5ijdu2avuj24u7t6poerpikvoq6e3pgu', '::1', 1587055901, 0x5f5f63695f6c6173745f726567656e65726174657c693a313538373035353930313b6964656e746974797c733a31353a2261646d696e4061646d696e2e636f6d223b656d61696c7c733a31353a2261646d696e4061646d696e2e636f6d223b757365725f69647c733a313a2231223b6f6c645f6c6173745f6c6f67696e7c733a31303a2231353836383032303431223b6c6173745f636865636b7c693a313538373034303436343b),
('4n3ta635qsac8er04la878684srj5a59', '::1', 1587056231, 0x5f5f63695f6c6173745f726567656e65726174657c693a313538373035363233313b6964656e746974797c733a31353a2261646d696e4061646d696e2e636f6d223b656d61696c7c733a31353a2261646d696e4061646d696e2e636f6d223b757365725f69647c733a313a2231223b6f6c645f6c6173745f6c6f67696e7c733a31303a2231353836383032303431223b6c6173745f636865636b7c693a313538373034303436343b),
('ebtksru0ao47a2bhn6os494evhtf4s60', '::1', 1587056433, 0x5f5f63695f6c6173745f726567656e65726174657c693a313538373035363233313b6964656e746974797c733a31353a2261646d696e4061646d696e2e636f6d223b656d61696c7c733a31353a2261646d696e4061646d696e2e636f6d223b757365725f69647c733a313a2231223b6f6c645f6c6173745f6c6f67696e7c733a31303a2231353836383032303431223b6c6173745f636865636b7c693a313538373034303436343b);

-- --------------------------------------------------------

--
-- Struktur dari tabel `fakultas`
--

CREATE TABLE `fakultas` (
  `id_fakultas` int(11) NOT NULL,
  `fakultas` varchar(255) NOT NULL,
  `id_univ` int(11) NOT NULL
) ENGINE=InnoDB DEFAULT CHARSET=latin1;

--
-- Dumping data untuk tabel `fakultas`
--

INSERT INTO `fakultas` (`id_fakultas`, `fakultas`, `id_univ`) VALUES
(1, 'Ilmu Komputer', 1),
(2, 'Agama Islam', 1),
(4, 'Hukum', 0);

-- --------------------------------------------------------

--
-- Struktur dari tabel `groups`
--

CREATE TABLE `groups` (
  `id` mediumint(8) UNSIGNED NOT NULL,
  `name` varchar(20) NOT NULL,
  `description` varchar(100) NOT NULL
) ENGINE=InnoDB DEFAULT CHARSET=utf8;

--
-- Dumping data untuk tabel `groups`
--

INSERT INTO `groups` (`id`, `name`, `description`) VALUES
(1, 'admin', 'Administrator'),
(2, 'members', 'General User');

-- --------------------------------------------------------

--
-- Struktur dari tabel `jenis_dokumen`
--

CREATE TABLE `jenis_dokumen` (
  `id_dokumen` int(11) NOT NULL,
  `nama` varchar(255) NOT NULL
) ENGINE=InnoDB DEFAULT CHARSET=latin1;

--
-- Dumping data untuk tabel `jenis_dokumen`
--

INSERT INTO `jenis_dokumen` (`id_dokumen`, `nama`) VALUES
(1, 'Jurnal'),
(2, 'Skripsi'),
(4, 'E-Book');

-- --------------------------------------------------------

--
-- Struktur dari tabel `jenis_kelamin`
--

CREATE TABLE `jenis_kelamin` (
  `id_jk` int(11) NOT NULL,
  `jenis_kelamin` varchar(255) NOT NULL
) ENGINE=InnoDB DEFAULT CHARSET=latin1;

--
-- Dumping data untuk tabel `jenis_kelamin`
--

INSERT INTO `jenis_kelamin` (`id_jk`, `jenis_kelamin`) VALUES
(1, 'Laki-laki'),
(2, 'Perempuan');

-- --------------------------------------------------------

--
-- Struktur dari tabel `jenjang`
--

CREATE TABLE `jenjang` (
  `id_jenjang` int(11) NOT NULL,
  `jenjang` varchar(255) NOT NULL
) ENGINE=InnoDB DEFAULT CHARSET=latin1;

--
-- Dumping data untuk tabel `jenjang`
--

INSERT INTO `jenjang` (`id_jenjang`, `jenjang`) VALUES
(1, 'S1'),
(2, 'D3'),
(3, 'D2'),
(4, 'D1');

-- --------------------------------------------------------

--
-- Struktur dari tabel `jurnal`
--

CREATE TABLE `jurnal` (
  `id_jurnal` int(3) NOT NULL,
  `judul` varchar(300) NOT NULL,
  `penulis` varchar(300) NOT NULL,
  `abstrak` varchar(1000) NOT NULL,
  `email` varchar(200) NOT NULL,
  `tahun` varchar(4) NOT NULL,
  `issn` varchar(4) NOT NULL,
  `isbn` varchar(4) NOT NULL,
  `pdf_jurnal` varchar(255) NOT NULL
) ENGINE=InnoDB DEFAULT CHARSET=utf8mb4;

--
-- Dumping data untuk tabel `jurnal`
--

INSERT INTO `jurnal` (`id_jurnal`, `judul`, `penulis`, `abstrak`, `email`, `tahun`, `issn`, `isbn`, `pdf_jurnal`) VALUES
(3, 'menanam padi', 'tampan', 'tampan dan berani', 'rendymasamune@gmail.com', '2222', '-', '212', 'menanam_padi.pdf'),
(5, 'saya yang masak', 'siap akmj', 'asdasdsadasdawdasdasd', 'akmj@akamj2020', '2020', '-', '-', 'masakan_siapa_ya.pdf');

-- --------------------------------------------------------

--
-- Struktur dari tabel `login_attempts`
--

CREATE TABLE `login_attempts` (
  `id` int(11) UNSIGNED NOT NULL,
  `ip_address` varchar(45) NOT NULL,
  `login` varchar(100) NOT NULL,
  `time` int(11) UNSIGNED DEFAULT NULL
) ENGINE=InnoDB DEFAULT CHARSET=utf8;

-- --------------------------------------------------------

--
-- Struktur dari tabel `prodi`
--

CREATE TABLE `prodi` (
  `id_prodi` int(11) NOT NULL,
  `id_fakultas` int(11) NOT NULL,
  `prodi` varchar(255) NOT NULL
) ENGINE=InnoDB DEFAULT CHARSET=latin1;

--
-- Dumping data untuk tabel `prodi`
--

INSERT INTO `prodi` (`id_prodi`, `id_fakultas`, `prodi`) VALUES
(1, 1, 'Teknik Informatika'),
(2, 1, 'Sistem Informasi'),
(4, 0, 'Akuntansi');

-- --------------------------------------------------------

--
-- Struktur dari tabel `universitas`
--

CREATE TABLE `universitas` (
  `id_univ` int(11) NOT NULL,
  `nama_univ` varchar(255) NOT NULL
) ENGINE=InnoDB DEFAULT CHARSET=latin1;

--
-- Dumping data untuk tabel `universitas`
--

INSERT INTO `universitas` (`id_univ`, `nama_univ`) VALUES
(1, 'Universitas Singaperbangsa Karawang'),
(2, 'Universitas Indonesia'),
(7, 'Universitas Negeri Jakarta'),
(8, 'Universitas Teknologi Bandung');

-- --------------------------------------------------------

--
-- Struktur dari tabel `users`
--

CREATE TABLE `users` (
  `id` int(11) UNSIGNED NOT NULL,
  `ip_address` varchar(45) NOT NULL,
  `username` varchar(100) DEFAULT NULL,
  `password` varchar(255) NOT NULL,
  `email` varchar(254) NOT NULL,
  `activation_selector` varchar(255) DEFAULT NULL,
  `activation_code` varchar(255) DEFAULT NULL,
  `forgotten_password_selector` varchar(255) DEFAULT NULL,
  `forgotten_password_code` varchar(255) DEFAULT NULL,
  `forgotten_password_time` int(11) UNSIGNED DEFAULT NULL,
  `remember_selector` varchar(255) DEFAULT NULL,
  `remember_code` varchar(255) DEFAULT NULL,
  `created_on` int(11) UNSIGNED NOT NULL,
  `last_login` int(11) UNSIGNED DEFAULT NULL,
  `active` tinyint(1) UNSIGNED DEFAULT NULL,
  `first_name` varchar(50) DEFAULT NULL,
  `last_name` varchar(50) DEFAULT NULL,
  `company` varchar(100) DEFAULT NULL,
  `phone` varchar(20) DEFAULT NULL
) ENGINE=InnoDB DEFAULT CHARSET=utf8;

--
-- Dumping data untuk tabel `users`
--

INSERT INTO `users` (`id`, `ip_address`, `username`, `password`, `email`, `activation_selector`, `activation_code`, `forgotten_password_selector`, `forgotten_password_code`, `forgotten_password_time`, `remember_selector`, `remember_code`, `created_on`, `last_login`, `active`, `first_name`, `last_name`, `company`, `phone`) VALUES
(1, '127.0.0.1', 'administrator', '$2y$12$CBr08t8zgqwN7/S3xirOIePHUcKjzQNjeuMstw0HH58CQgJMjGi3C', 'admin@admin.com', NULL, '', NULL, NULL, NULL, NULL, NULL, 1268889823, 1587040464, 1, 'Admin', 'istrator', 'ADMIN', '0'),
(29, '::1', '1710631170067', '$2y$10$ymRfj28fDh/DRrrVVzDD/eOKOgiLIhPudhFsM7fN2WLCZDw2nmqY6', 'bayuadhip01@gmail.com', NULL, NULL, NULL, NULL, NULL, NULL, NULL, 1586945789, NULL, 1, 'Bayu Adhi Pamungkas', '', NULL, '082242484585'),
(32, '::1', '1710631170167', '$2y$10$G2kdkvuR.z.s9/vtsZCAHegJcwY4W2LJ9N7besfNn2/JlJ4BU79Ai', '1@s.c', NULL, NULL, NULL, NULL, NULL, NULL, NULL, 1586953690, NULL, 1, 'Rendy', '', NULL, '09876'),
(34, '::1', '1710631170176', '$2y$10$yiWXSs7yKzMtn16R/WSdueXDGFafENpg5KNZUod4hObtgAD9l7XIe', 'aasas@gmail.com', NULL, NULL, NULL, NULL, NULL, NULL, NULL, 1586954294, NULL, 1, 'Reza Rizqi R', '', NULL, '12345');

-- --------------------------------------------------------

--
-- Struktur dari tabel `users_groups`
--

CREATE TABLE `users_groups` (
  `id` int(11) UNSIGNED NOT NULL,
  `user_id` int(11) UNSIGNED NOT NULL,
  `group_id` mediumint(8) UNSIGNED NOT NULL
) ENGINE=InnoDB DEFAULT CHARSET=utf8;

--
-- Dumping data untuk tabel `users_groups`
--

INSERT INTO `users_groups` (`id`, `user_id`, `group_id`) VALUES
(1, 1, 1),
(27, 29, 2),
(30, 32, 2),
(32, 34, 2);

--
-- Indexes for dumped tables
--

--
-- Indeks untuk tabel `agama`
--
ALTER TABLE `agama`
  ADD PRIMARY KEY (`id_agama`);

--
-- Indeks untuk tabel `anggota`
--
ALTER TABLE `anggota`
  ADD PRIMARY KEY (`id_anggota`),
  ADD KEY `id_user` (`id_user`);

--
-- Indeks untuk tabel `ci_session`
--
ALTER TABLE `ci_session`
  ADD KEY `ci_sessions_timestamp` (`timestamp`);

--
-- Indeks untuk tabel `fakultas`
--
ALTER TABLE `fakultas`
  ADD PRIMARY KEY (`id_fakultas`),
  ADD KEY `id_univ` (`id_univ`);

--
-- Indeks untuk tabel `groups`
--
ALTER TABLE `groups`
  ADD PRIMARY KEY (`id`);

--
-- Indeks untuk tabel `jenis_dokumen`
--
ALTER TABLE `jenis_dokumen`
  ADD PRIMARY KEY (`id_dokumen`);

--
-- Indeks untuk tabel `jenis_kelamin`
--
ALTER TABLE `jenis_kelamin`
  ADD PRIMARY KEY (`id_jk`);

--
-- Indeks untuk tabel `jenjang`
--
ALTER TABLE `jenjang`
  ADD PRIMARY KEY (`id_jenjang`);

--
-- Indeks untuk tabel `jurnal`
--
ALTER TABLE `jurnal`
  ADD PRIMARY KEY (`id_jurnal`);

--
-- Indeks untuk tabel `login_attempts`
--
ALTER TABLE `login_attempts`
  ADD PRIMARY KEY (`id`);

--
-- Indeks untuk tabel `prodi`
--
ALTER TABLE `prodi`
  ADD PRIMARY KEY (`id_prodi`),
  ADD KEY `id_fakultas` (`id_fakultas`);

--
-- Indeks untuk tabel `universitas`
--
ALTER TABLE `universitas`
  ADD PRIMARY KEY (`id_univ`);

--
-- Indeks untuk tabel `users`
--
ALTER TABLE `users`
  ADD PRIMARY KEY (`id`),
  ADD UNIQUE KEY `uc_email` (`email`),
  ADD UNIQUE KEY `uc_activation_selector` (`activation_selector`),
  ADD UNIQUE KEY `uc_forgotten_password_selector` (`forgotten_password_selector`),
  ADD UNIQUE KEY `uc_remember_selector` (`remember_selector`);

--
-- Indeks untuk tabel `users_groups`
--
ALTER TABLE `users_groups`
  ADD PRIMARY KEY (`id`),
  ADD UNIQUE KEY `uc_users_groups` (`user_id`,`group_id`),
  ADD KEY `fk_users_groups_users1_idx` (`user_id`),
  ADD KEY `fk_users_groups_groups1_idx` (`group_id`);

--
-- AUTO_INCREMENT untuk tabel yang dibuang
--

--
-- AUTO_INCREMENT untuk tabel `agama`
--
ALTER TABLE `agama`
  MODIFY `id_agama` int(11) NOT NULL AUTO_INCREMENT, AUTO_INCREMENT=4;

--
-- AUTO_INCREMENT untuk tabel `anggota`
--
ALTER TABLE `anggota`
  MODIFY `id_anggota` int(11) NOT NULL AUTO_INCREMENT, AUTO_INCREMENT=15;

--
-- AUTO_INCREMENT untuk tabel `fakultas`
--
ALTER TABLE `fakultas`
  MODIFY `id_fakultas` int(11) NOT NULL AUTO_INCREMENT, AUTO_INCREMENT=5;

--
-- AUTO_INCREMENT untuk tabel `groups`
--
ALTER TABLE `groups`
  MODIFY `id` mediumint(8) UNSIGNED NOT NULL AUTO_INCREMENT, AUTO_INCREMENT=3;

--
-- AUTO_INCREMENT untuk tabel `jenis_dokumen`
--
ALTER TABLE `jenis_dokumen`
  MODIFY `id_dokumen` int(11) NOT NULL AUTO_INCREMENT, AUTO_INCREMENT=5;

--
-- AUTO_INCREMENT untuk tabel `jenis_kelamin`
--
ALTER TABLE `jenis_kelamin`
  MODIFY `id_jk` int(11) NOT NULL AUTO_INCREMENT, AUTO_INCREMENT=3;

--
-- AUTO_INCREMENT untuk tabel `jenjang`
--
ALTER TABLE `jenjang`
  MODIFY `id_jenjang` int(11) NOT NULL AUTO_INCREMENT, AUTO_INCREMENT=5;

--
-- AUTO_INCREMENT untuk tabel `jurnal`
--
ALTER TABLE `jurnal`
  MODIFY `id_jurnal` int(3) NOT NULL AUTO_INCREMENT, AUTO_INCREMENT=6;

--
-- AUTO_INCREMENT untuk tabel `login_attempts`
--
ALTER TABLE `login_attempts`
  MODIFY `id` int(11) UNSIGNED NOT NULL AUTO_INCREMENT, AUTO_INCREMENT=5;

--
-- AUTO_INCREMENT untuk tabel `prodi`
--
ALTER TABLE `prodi`
  MODIFY `id_prodi` int(11) NOT NULL AUTO_INCREMENT, AUTO_INCREMENT=5;

--
-- AUTO_INCREMENT untuk tabel `universitas`
--
ALTER TABLE `universitas`
  MODIFY `id_univ` int(11) NOT NULL AUTO_INCREMENT, AUTO_INCREMENT=11;

--
-- AUTO_INCREMENT untuk tabel `users`
--
ALTER TABLE `users`
  MODIFY `id` int(11) UNSIGNED NOT NULL AUTO_INCREMENT, AUTO_INCREMENT=35;

--
-- AUTO_INCREMENT untuk tabel `users_groups`
--
ALTER TABLE `users_groups`
  MODIFY `id` int(11) UNSIGNED NOT NULL AUTO_INCREMENT, AUTO_INCREMENT=33;

--
-- Ketidakleluasaan untuk tabel pelimpahan (Dumped Tables)
--

--
-- Ketidakleluasaan untuk tabel `users_groups`
--
ALTER TABLE `users_groups`
  ADD CONSTRAINT `fk_users_groups_groups1` FOREIGN KEY (`group_id`) REFERENCES `groups` (`id`) ON DELETE CASCADE ON UPDATE NO ACTION,
  ADD CONSTRAINT `fk_users_groups_users1` FOREIGN KEY (`user_id`) REFERENCES `users` (`id`) ON DELETE CASCADE ON UPDATE NO ACTION;
COMMIT;

/*!40101 SET CHARACTER_SET_CLIENT=@OLD_CHARACTER_SET_CLIENT */;
/*!40101 SET CHARACTER_SET_RESULTS=@OLD_CHARACTER_SET_RESULTS */;
/*!40101 SET COLLATION_CONNECTION=@OLD_COLLATION_CONNECTION */;
